product_id,name,category_id,price,stock_quantity,brand
1,Apple Headphones 47,5,8470889.3,19,Apple
2,Asus Smartwatch 59,7,18696649.62,20,Asus
3,Lenovo Camera 71,6,18811151.68,37,Lenovo
4,Lenovo Headphones 17,5,14082864.19,47,Lenovo
5,Samsung Smartphone 17,2,14209949.25,41,Samsung
6,Sony Television 21,4,12721115.73,21,Sony
7,HP Printer 90,9,4597142.06,31,HP
8,HP Monitor 67,10,2435165.95,10,HP
9,LG Headphones 91,5,12558761.84,55,LG
10,HP Camera 87,6,5590703.36,75,HP
11,Dell Tablet 21,3,5777758.17,100,Dell
12,Bose Television 17,4,17393387.42,80,Bose
13,Sony Smartphone 35,2,5903892.83,93,Sony
14,Dell Camera 14,6,1103937.71,24,Dell
15,Canon Headphones 31,5,17284642.94,12,Canon
16,HP Smartphone 41,2,14391420.09,50,HP
17,HP Headphones 54,5,15824794.85,83,HP
18,Apple Laptop 76,1,6848019.88,3,Apple
19,Sony Camera 88,6,5702839.73,65,Sony
20,Bose Television 45,4,5282806.66,15,Bose
21,Sony Speaker 60,8,10289605.2,62,Sony
22,LG Television 24,4,3504393.91,30,LG
23,LG Smartphone 73,2,16004153.75,55,LG
24,Asus Monitor 74,10,11615439.09,16,Asus
25,Apple Printer 31,9,14799069.08,4,Apple
26,Lenovo Camera 54,6,17057393.78,30,Lenovo
27,Apple Smartphone 54,2,2397418.71,36,Apple
28,Bose Headphones 64,5,11250161.59,54,Bose
29,Dell Smartphone 93,2,16430381.46,90,Dell
30,Asus Printer 14,9,19622068.41,54,Asus
31,Samsung Printer 49,9,12227547.73,16,Samsung
32,Apple Smartphone 82,2,11650107.05,35,Apple
33,Apple Smartwatch 87,7,19012790.33,92,Apple
34,Sony Laptop 41,1,3657314.95,99,Sony
35,Bose Smartwatch 56,7,16806631.14,26,Bose
36,Lenovo Smartwatch 72,7,6222368.36,41,Lenovo
37,Asus Smartphone 44,2,5489834.76,35,Asus
38,Apple Monitor 30,10,19209394.89,28,Apple
39,HP Monitor 56,10,10171530.82,10,HP
40,Apple Monitor 97,10,11830143.64,15,Apple
41,Dell Smartphone 5,2,13415892.12,32,Dell
42,Asus Tablet 68,3,12886710.96,22,Asus
43,HP Tablet 77,3,13622541.84,64,HP
44,Canon Tablet 41,3,13546728.49,92,Canon
45,HP Camera 25,6,15899675.81,4,HP
46,LG Smartwatch 6,7,8233097.6,84,LG
47,Apple Smartphone 69,2,11735282.59,41,Apple
48,Apple Smartphone 81,2,7785603.49,90,Apple
49,Canon Laptop 28,1,17271710.18,73,Canon
50,Samsung Speaker 25,8,16457299.24,20,Samsung
51,Samsung Smartwatch 87,7,13501009.55,37,Samsung
52,Apple Tablet 50,3,15470603.07,5,Apple
53,Canon Laptop 19,1,13746686.28,75,Canon
54,HP Laptop 38,1,5469850.11,52,HP
55,Lenovo Smartwatch 73,7,4184616.78,54,Lenovo
56,HP Tablet 63,3,3158097.22,86,HP
57,HP Monitor 14,10,2745120.9,36,HP
58,LG Tablet 32,3,3735958.02,77,LG
59,Canon Monitor 79,10,3186077.16,1,Canon
60,Lenovo Laptop 2,1,11778471.26,82,Lenovo
61,HP Headphones 55,5,10642318.66,74,HP
62,Samsung Monitor 64,10,5378786.82,99,Samsung
63,Dell Television 9,4,15970293.99,80,Dell
64,Bose Speaker 40,8,17785330.77,8,Bose
65,Bose Smartphone 41,2,18272939.41,71,Bose
66,Lenovo Smartwatch 96,7,16698836.2,24,Lenovo
67,Sony Printer 71,9,8723441.92,48,Sony
68,Canon Smartphone 81,2,2847397.96,45,Canon
69,Sony Smartphone 33,2,1832549.87,89,Sony
70,Lenovo Camera 30,6,19128781.54,27,Lenovo
71,Apple Tablet 26,3,16942725.94,17,Apple
72,Bose Monitor 22,10,12250526.49,13,Bose
73,Asus Smartwatch 14,7,19076826.53,26,Asus
74,HP Headphones 66,5,4902495.15,67,HP
75,Apple Monitor 29,10,8051703.06,42,Apple
76,Asus Smartphone 78,2,14966211.78,0,Asus
77,Lenovo Television 90,4,11513855.07,26,Lenovo
78,Apple Camera 86,6,17122253.12,31,Apple
79,Apple Television 80,4,17339229.41,57,Apple
80,Sony Smartwatch 48,7,14756946.9,48,Sony
81,Canon Camera 47,6,10327221.91,64,Canon
82,Asus Television 59,4,6234346.88,81,Asus
83,Asus Speaker 19,8,5288038.9,48,Asus
84,Apple Laptop 91,1,3257899.47,20,Apple
85,Lenovo Printer 62,9,15431364.7,72,Lenovo
86,Dell Speaker 42,8,4255421.15,3,Dell
87,Asus Smartwatch 90,7,3979949.41,62,Asus
88,Asus Smartphone 8,2,6888436.98,3,Asus
89,Dell Monitor 7,10,7117288.56,49,Dell
90,HP Tablet 37,3,8790682.67,32,HP
91,Canon Television 69,4,4013975.52,63,Canon
92,Apple Camera 46,6,4597255.66,77,Apple
93,Dell Laptop 81,1,14694228.02,3,Dell
94,Asus Laptop 85,1,14535233.7,91,Asus
95,Asus Printer 16,9,8162550.85,96,Asus
96,Sony Headphones 48,5,11542798.91,57,Sony
97,Sony Smartphone 81,2,4982555.61,3,Sony
98,Lenovo Headphones 41,5,5944602.45,12,Lenovo
99,HP Headphones 16,5,18206164.09,82,HP
100,Asus Television 90,4,1069625.14,53,Asus
101,Dell Smartwatch 94,7,14544176.29,90,Dell
102,Apple Laptop 89,1,16545689.82,54,Apple
103,Asus Monitor 74,10,2944464.35,26,Asus
104,Apple Camera 49,6,18351881.39,48,Apple
105,Asus Monitor 18,10,11234302.57,80,Asus
106,Bose Laptop 91,1,1697066.28,27,Bose
107,Bose Camera 77,6,5943662.85,78,Bose
108,Asus Camera 11,6,9435624.5,4,Asus
109,Samsung Smartphone 22,2,4081208.49,71,Samsung
110,Sony Laptop 43,1,7653758.45,7,Sony
111,Dell Monitor 40,10,12237470.39,93,Dell
112,Canon Printer 72,9,13519859.58,81,Canon
113,Apple Tablet 5,3,5849734.66,78,Apple
114,Lenovo Smartphone 51,2,5513848.1,20,Lenovo
115,Bose Laptop 69,1,4806377.16,84,Bose
116,Dell Smartphone 70,2,2298633.22,84,Dell
117,Asus Printer 95,9,11151648.83,17,Asus
118,Lenovo Headphones 10,5,2787404.95,92,Lenovo
119,Bose Television 10,4,10759288.77,18,Bose
120,Lenovo Printer 5,9,10767907.52,13,Lenovo
121,Canon Speaker 45,8,19846107.78,12,Canon
122,Asus Smartphone 43,2,18940784.88,33,Asus
123,Canon Tablet 4,3,12675560.45,21,Canon
124,Bose Speaker 26,8,14521573.3,71,Bose
125,Apple Smartwatch 36,7,7662351.67,22,Apple
126,Canon Laptop 76,1,2278218.21,88,Canon
127,Asus Smartphone 72,2,16065538.66,68,Asus
128,Asus Monitor 6,10,5930973.19,13,Asus
129,Canon Smartwatch 18,7,19577479.4,0,Canon
130,Sony Tablet 73,3,3113268.83,87,Sony
131,Lenovo Television 28,4,7120112.28,6,Lenovo
132,Lenovo Headphones 54,5,18752596.13,82,Lenovo
133,Apple Speaker 89,8,13227886.09,94,Apple
134,Samsung Camera 82,6,15948364.83,6,Samsung
135,Sony Laptop 34,1,10341633.08,40,Sony
136,Sony Camera 36,6,1095410.0,41,Sony
137,LG Speaker 80,8,6014786.71,75,LG
138,Canon Television 95,4,19371421.51,29,Canon
139,Apple Smartphone 8,2,2274651.87,98,Apple
140,Canon Laptop 33,1,12122700.89,35,Canon
141,Dell Printer 27,9,15547370.88,45,Dell
142,Samsung Laptop 49,1,9985014.03,85,Samsung
143,Lenovo Monitor 38,10,6393756.43,41,Lenovo
144,HP Smartwatch 73,7,3216372.89,86,HP
145,Sony Speaker 34,8,14765653.13,14,Sony
146,Bose Camera 56,6,15608497.75,77,Bose
147,Bose Laptop 83,1,16623992.21,98,Bose
148,HP Speaker 58,8,11606813.48,47,HP
149,Apple Printer 39,9,9365397.58,17,Apple
150,Apple Smartwatch 79,7,19175261.22,93,Apple
151,Bose Printer 36,9,2829632.02,90,Bose
152,HP Camera 45,6,13587646.4,79,HP
153,LG Camera 10,6,4630389.3,50,LG
154,Canon Smartwatch 77,7,18409407.64,99,Canon
155,Lenovo Television 42,4,14876474.95,42,Lenovo
156,Sony Headphones 38,5,6559064.71,52,Sony
157,Sony Laptop 93,1,8778850.25,87,Sony
158,HP Headphones 88,5,18907119.32,74,HP
159,Canon Camera 25,6,10766659.68,29,Canon
160,Lenovo Laptop 93,1,14414789.51,98,Lenovo
161,Asus Monitor 61,10,2822987.52,14,Asus
162,Samsung Printer 25,9,7657968.49,92,Samsung
163,Bose Headphones 17,5,15199645.96,10,Bose
164,Bose Laptop 31,1,16645328.36,93,Bose
165,Bose Television 28,4,10830403.59,64,Bose
166,Sony Headphones 8,5,14542157.41,26,Sony
167,Sony Printer 39,9,7524754.97,2,Sony
168,LG Camera 58,6,12205419.25,75,LG
169,Sony Laptop 55,1,7507031.33,1,Sony
170,Samsung Speaker 39,8,1154488.88,55,Samsung
171,Sony Smartphone 91,2,19303354.53,47,Sony
172,Asus Laptop 4,1,5249711.56,75,Asus
173,Samsung Smartwatch 34,7,5862165.31,93,Samsung
174,Apple Tablet 29,3,19208912.73,77,Apple
175,Apple Monitor 6,10,5970061.03,35,Apple
176,Apple Monitor 70,10,3246542.32,22,Apple
177,Canon Camera 65,6,17066130.86,89,Canon
178,Apple Speaker 75,8,13837437.99,97,Apple
179,Asus Tablet 4,3,1216134.31,55,Asus
180,Asus Printer 53,9,11036575.82,35,Asus
181,Apple Television 63,4,17467370.91,73,Apple
182,LG Monitor 32,10,1938329.92,29,LG
183,Canon Laptop 93,1,1759472.99,53,Canon
184,LG Laptop 96,1,4833933.36,28,LG
185,Samsung Speaker 30,8,8075252.96,46,Samsung
186,Sony Monitor 15,10,14260002.92,66,Sony
187,Bose Monitor 97,10,13037237.91,79,Bose
188,Samsung Television 82,4,1048954.37,57,Samsung
189,LG Tablet 63,3,3717773.35,70,LG
190,Apple Smartwatch 80,7,11099181.11,13,Apple
191,Asus Headphones 100,5,14617740.41,8,Asus
192,Lenovo Speaker 64,8,3290701.11,74,Lenovo
193,Lenovo Printer 96,9,7737609.41,50,Lenovo
194,Lenovo Printer 52,9,9020270.79,74,Lenovo
195,HP Laptop 92,1,15188426.72,86,HP
196,Samsung Speaker 60,8,13912361.99,26,Samsung
197,Bose Monitor 92,10,8105132.63,20,Bose
198,HP Smartphone 40,2,18508415.7,3,HP
199,Bose Smartwatch 73,7,8248293.58,87,Bose
200,Lenovo Camera 45,6,9765525.2,12,Lenovo
201,Samsung Television 82,4,9377383.99,75,Samsung
202,Sony Speaker 27,8,11173512.59,99,Sony
203,Bose Smartphone 87,2,1383409.24,86,Bose
204,Samsung Television 43,4,12645216.47,34,Samsung
205,LG Speaker 32,8,6531103.64,90,LG
206,Asus Speaker 91,8,15883689.07,59,Asus
207,LG Smartphone 43,2,11011895.1,98,LG
208,Asus Laptop 44,1,14608522.42,94,Asus
209,HP Headphones 8,5,11024078.8,17,HP
210,Apple Headphones 75,5,17226266.52,55,Apple
211,HP Tablet 70,3,15469480.3,97,HP
212,Apple Tablet 82,3,2047497.76,72,Apple
213,LG Printer 8,9,18223909.72,91,LG
214,Sony Smartwatch 42,7,11948058.35,3,Sony
215,Dell Laptop 100,1,17632539.84,82,Dell
216,Samsung Smartwatch 18,7,10726374.04,85,Samsung
217,Apple Laptop 1,1,1287665.64,47,Apple
218,Samsung Printer 49,9,13286955.32,27,Samsung
219,HP Television 68,4,2915853.05,6,HP
220,Samsung Camera 65,6,7190714.67,69,Samsung
221,HP Headphones 63,5,19687664.39,12,HP
222,Apple Camera 96,6,4679031.57,16,Apple
223,Asus Smartwatch 68,7,19067849.72,33,Asus
224,Samsung Camera 66,6,16788588.95,82,Samsung
225,Bose Tablet 47,3,19118514.61,12,Bose
226,Dell Smartwatch 71,7,2588987.25,18,Dell
227,Apple Speaker 2,8,13413285.76,29,Apple
228,Sony Speaker 40,8,10090946.72,34,Sony
229,Bose Tablet 7,3,2036830.13,29,Bose
230,Dell Laptop 44,1,16233228.48,56,Dell
231,Samsung Laptop 31,1,8475132.88,26,Samsung
232,Sony Monitor 44,10,9804113.23,82,Sony
233,Apple Tablet 12,3,12988987.02,6,Apple
234,Samsung Printer 30,9,3283448.9,80,Samsung
235,HP Speaker 52,8,1450096.18,51,HP
236,Canon Camera 54,6,16735082.09,77,Canon
237,Dell Camera 92,6,13806169.04,10,Dell
238,LG Smartwatch 8,7,16297087.44,46,LG
239,Asus Camera 84,6,7829116.01,42,Asus
240,Lenovo Camera 47,6,11229601.72,3,Lenovo
241,Asus Printer 34,9,9315964.64,73,Asus
242,Lenovo Camera 74,6,15348879.41,86,Lenovo
243,LG Speaker 76,8,14235325.97,34,LG
244,Asus Printer 80,9,18202997.31,38,Asus
245,Samsung Monitor 40,10,12692197.67,85,Samsung
246,Samsung Television 12,4,2220205.19,72,Samsung
247,Apple Laptop 70,1,3129939.68,91,Apple
248,HP Camera 25,6,5484177.77,47,HP
249,Lenovo Television 58,4,2033091.63,38,Lenovo
250,Dell Television 1,4,15381366.36,84,Dell
251,Apple Camera 31,6,17304175.92,48,Apple
252,Sony Monitor 69,10,1406091.81,67,Sony
253,Sony Headphones 2,5,10185415.35,2,Sony
254,Sony Printer 86,9,10858655.96,28,Sony
255,Lenovo Monitor 8,10,11385497.25,82,Lenovo
256,HP Monitor 31,10,1986996.26,47,HP
257,LG Smartphone 6,2,17734012.26,70,LG
258,Bose Speaker 98,8,12643147.6,3,Bose
259,HP Speaker 3,8,13606351.38,81,HP
260,HP Television 34,4,11508634.53,17,HP
261,Dell Printer 28,9,10910090.0,97,Dell
262,Dell Speaker 46,8,15270397.6,18,Dell
263,HP Headphones 38,5,8253235.18,93,HP
264,Samsung Monitor 33,10,3930732.61,17,Samsung
265,Samsung Headphones 34,5,10170725.03,66,Samsung
266,Bose Television 6,4,15089702.87,43,Bose
267,Canon Speaker 43,8,18861646.23,92,Canon
268,LG Smartphone 74,2,7123934.53,7,LG
269,Lenovo Smartphone 68,2,17578422.09,71,Lenovo
270,Sony Television 24,4,10623029.91,7,Sony
271,Asus Headphones 96,5,17150970.19,88,Asus
272,Dell Smartwatch 25,7,11716654.72,70,Dell
273,Apple Laptop 88,1,3031615.33,32,Apple
274,Apple Speaker 20,8,7646507.61,96,Apple
275,Dell Camera 75,6,4898393.96,80,Dell
276,Asus Headphones 69,5,10101028.62,37,Asus
277,Samsung Headphones 60,5,8211961.62,68,Samsung
278,HP Printer 51,9,17061350.18,60,HP
279,Lenovo Camera 6,6,14107063.88,93,Lenovo
280,Lenovo Smartwatch 85,7,15585414.81,28,Lenovo
281,HP Monitor 54,10,16977948.14,46,HP
282,Dell Printer 34,9,2080097.78,91,Dell
283,Dell Monitor 96,10,8649764.2,42,Dell
284,Sony Monitor 50,10,8003280.87,50,Sony
285,LG Camera 31,6,18724546.59,46,LG
286,Apple Smartphone 100,2,6331495.7,18,Apple
287,Canon Television 57,4,1351325.58,35,Canon
288,Samsung Monitor 4,10,6814836.24,21,Samsung
289,Bose Smartphone 43,2,13294340.49,95,Bose
290,Bose Headphones 34,5,3240224.48,62,Bose
291,Samsung Smartphone 22,2,4343814.58,64,Samsung
292,Asus Camera 61,6,8611886.78,35,Asus
293,HP Camera 38,6,17829449.18,24,HP
294,Lenovo Camera 5,6,1685885.66,68,Lenovo
295,Canon Printer 92,9,12716254.93,49,Canon
296,Sony Headphones 33,5,10735065.16,46,Sony
297,Bose Speaker 86,8,5381446.82,69,Bose
298,Bose Smartphone 45,2,15495826.16,35,Bose
299,Samsung Television 74,4,3780072.63,52,Samsung
300,Dell Tablet 46,3,3293320.81,3,Dell
301,Apple Television 27,4,4287684.0,96,Apple
302,Dell Speaker 15,8,6450763.05,85,Dell
303,Dell Headphones 71,5,8631329.01,17,Dell
304,HP Laptop 5,1,11895919.72,26,HP
305,Samsung Smartwatch 9,7,18642483.39,37,Samsung
306,Apple Tablet 17,3,19745476.23,46,Apple
307,HP Tablet 57,3,14508096.62,4,HP
308,Dell Smartphone 31,2,15209276.74,28,Dell
309,Apple Smartphone 38,2,2374884.58,28,Apple
310,HP Speaker 28,8,8219206.13,83,HP
311,LG Speaker 97,8,4671990.26,54,LG
312,Dell Laptop 36,1,19861113.42,32,Dell
313,Asus Smartwatch 2,7,6751339.08,49,Asus
314,LG Printer 3,9,9213980.34,24,LG
315,LG Tablet 94,3,13729393.84,57,LG
316,HP Camera 73,6,16124046.74,42,HP
317,Sony Television 22,4,13474151.09,90,Sony
318,Sony Smartphone 65,2,2290424.04,12,Sony
319,Dell Tablet 67,3,13525216.43,66,Dell
320,Asus Television 15,4,3370712.32,62,Asus
321,Lenovo Headphones 70,5,12282503.49,43,Lenovo
322,Bose Speaker 47,8,18167604.53,31,Bose
323,Sony Headphones 65,5,8166079.05,79,Sony
324,Dell Television 53,4,7853830.28,75,Dell
325,HP Laptop 50,1,2723894.32,89,HP
326,Apple Headphones 95,5,8149193.44,76,Apple
327,Dell Monitor 65,10,2957698.99,81,Dell
328,HP Laptop 30,1,10932364.18,5,HP
329,HP Camera 78,6,13222664.53,63,HP
330,Canon Laptop 79,1,4658065.53,90,Canon
331,Lenovo Headphones 52,5,3819129.92,25,Lenovo
332,Dell Speaker 40,8,3148283.4,29,Dell
333,HP Camera 17,6,7415487.33,56,HP
334,Lenovo Camera 29,6,12671210.14,95,Lenovo
335,LG Printer 14,9,18599076.17,9,LG
336,Apple Monitor 80,10,9808147.95,75,Apple
337,HP Monitor 68,10,3003199.3,79,HP
338,LG Printer 44,9,12526550.43,14,LG
339,HP Smartwatch 1,7,12570570.74,31,HP
340,Dell Camera 4,6,12863608.7,64,Dell
341,Samsung Television 19,4,1897418.94,9,Samsung
342,Asus Monitor 75,10,5979672.39,63,Asus
343,Samsung Speaker 18,8,18003310.71,69,Samsung
344,Bose Smartwatch 92,7,16727545.58,89,Bose
345,Asus Smartwatch 39,7,18750181.24,17,Asus
346,Bose Printer 14,9,12999246.19,72,Bose
347,Bose Speaker 54,8,4422633.28,76,Bose
348,Lenovo Speaker 21,8,14810275.95,43,Lenovo
349,Sony Smartphone 30,2,5435668.19,23,Sony
350,HP Smartwatch 8,7,11026273.55,100,HP
351,Asus Television 59,4,8373244.47,1,Asus
352,Asus Camera 55,6,8893149.75,39,Asus
353,Dell Speaker 47,8,14536005.94,84,Dell
354,LG Laptop 61,1,1193992.46,35,LG
355,Sony Printer 81,9,15374621.17,33,Sony
356,Dell Speaker 89,8,11275825.95,39,Dell
357,Dell Tablet 53,3,19979927.46,7,Dell
358,Bose Printer 87,9,4971297.95,78,Bose
359,Dell Smartwatch 33,7,11826520.94,43,Dell
360,Apple Smartphone 99,2,7373105.31,51,Apple
361,HP Headphones 5,5,2234988.64,91,HP
362,LG Headphones 33,5,13977887.61,59,LG
363,Lenovo Laptop 8,1,10561989.89,55,Lenovo
364,Canon Camera 70,6,14488845.8,51,Canon
365,HP Camera 42,6,8520923.98,99,HP
366,Apple Laptop 83,1,19589504.19,45,Apple
367,Bose Camera 46,6,7434670.4,13,Bose
368,Asus Speaker 94,8,1737539.13,45,Asus
369,LG Laptop 81,1,15486177.36,30,LG
370,Canon Camera 34,6,15858675.39,23,Canon
371,Samsung Speaker 90,8,1388560.9,8,Samsung
372,Bose Headphones 18,5,10524549.31,37,Bose
373,LG Television 87,4,10942005.46,72,LG
374,Sony Smartwatch 44,7,10982271.3,77,Sony
375,Canon Speaker 82,8,7241382.7,41,Canon
376,Samsung Tablet 36,3,8567278.1,21,Samsung
377,Dell Monitor 23,10,9923942.94,11,Dell
378,Dell Monitor 25,10,5599889.65,96,Dell
379,Apple Laptop 73,1,13356352.83,1,Apple
380,LG Smartwatch 84,7,4125111.9,48,LG
381,Canon Camera 27,6,17661936.57,35,Canon
382,HP Laptop 11,1,11270980.01,54,HP
383,Sony Laptop 95,1,19705643.55,46,Sony
384,Asus Smartphone 66,2,9710483.09,86,Asus
385,Lenovo Television 75,4,6582516.2,29,Lenovo
386,HP Camera 68,6,15758066.59,12,HP
387,HP Headphones 73,5,12996492.87,82,HP
388,Bose Headphones 91,5,9628492.66,29,Bose
389,Canon Camera 37,6,17812599.68,9,Canon
390,Sony Tablet 20,3,13666349.96,40,Sony
391,Apple Speaker 80,8,15484198.77,35,Apple
392,LG Monitor 94,10,18582600.56,32,LG
393,Dell Tablet 57,3,12858631.3,85,Dell
394,HP Smartwatch 33,7,2230114.93,16,HP
395,Sony Smartphone 48,2,14603800.18,40,Sony
396,Dell Speaker 24,8,14159646.12,48,Dell
397,HP Television 10,4,9328886.25,53,HP
398,Canon Smartwatch 30,7,11869457.65,7,Canon
399,Samsung Headphones 9,5,2320338.33,2,Samsung
400,Canon Printer 77,9,8343287.57,87,Canon
401,Samsung Speaker 100,8,1959957.42,48,Samsung
402,Sony Monitor 49,10,5015133.31,82,Sony
403,Sony Laptop 71,1,8039142.07,29,Sony
404,Sony Television 89,4,1876127.97,40,Sony
405,Samsung Speaker 95,8,3715805.53,85,Samsung
406,HP Camera 26,6,3248006.45,58,HP
407,HP Laptop 50,1,1595817.6,48,HP
408,Lenovo Headphones 9,5,4812627.11,98,Lenovo
409,Bose Smartwatch 99,7,3903226.96,66,Bose
410,Apple Smartphone 43,2,10059823.46,74,Apple
411,Apple Smartphone 21,2,11347267.03,66,Apple
412,Sony Headphones 83,5,10134575.27,61,Sony
413,Bose Television 58,4,16824951.56,79,Bose
414,LG Smartphone 12,2,19780807.46,35,LG
415,Asus Smartwatch 10,7,13323028.38,69,Asus
416,Canon Television 53,4,18318068.2,1,Canon
417,Samsung Speaker 19,8,15769453.7,13,Samsung
418,Sony Smartphone 47,2,17524285.11,14,Sony
419,Samsung Speaker 92,8,6115591.93,51,Samsung
420,Dell Laptop 74,1,8304605.79,76,Dell
421,HP Television 22,4,16117997.99,77,HP
422,Apple Smartphone 1,2,12710475.49,47,Apple
423,Apple Camera 90,6,8022158.68,47,Apple
424,Apple Monitor 100,10,13850982.22,35,Apple
425,Lenovo Camera 59,6,4116495.78,58,Lenovo
426,LG Laptop 49,1,13531208.55,22,LG
427,Lenovo Laptop 14,1,5172677.78,3,Lenovo
428,Asus Tablet 58,3,15969363.93,76,Asus
429,Lenovo Printer 59,9,2135724.48,58,Lenovo
430,HP Laptop 86,1,1642715.16,88,HP
431,Dell Laptop 77,1,9243409.18,92,Dell
432,Sony Speaker 59,8,12016000.27,57,Sony
433,Apple Smartwatch 22,7,18405568.53,5,Apple
434,Asus Tablet 98,3,6394817.75,44,Asus
435,Samsung Printer 95,9,6694492.44,52,Samsung
436,Asus Printer 67,9,2881420.17,21,Asus
437,Sony Smartwatch 18,7,13292426.14,63,Sony
438,Sony Laptop 80,1,4205050.89,39,Sony
439,Apple Television 33,4,14376167.88,71,Apple
440,Samsung Printer 57,9,3239791.88,76,Samsung
441,Canon Printer 34,9,16925382.57,35,Canon
442,Bose Laptop 74,1,15358419.54,37,Bose
443,Apple Tablet 49,3,9031709.54,98,Apple
444,Apple Camera 11,6,18477164.71,31,Apple
445,LG Smartwatch 38,7,6075995.85,7,LG
446,Lenovo Printer 17,9,17542306.43,56,Lenovo
447,LG Camera 3,6,17427929.4,90,LG
448,Asus Television 32,4,1649867.03,1,Asus
449,Sony Smartphone 87,2,16472665.64,35,Sony
450,LG Tablet 95,3,11272030.19,7,LG
451,Apple Smartwatch 45,7,15418151.62,48,Apple
452,Asus Speaker 45,8,10554804.66,27,Asus
453,Apple Laptop 51,1,13074500.59,42,Apple
454,LG Printer 82,9,6827753.54,39,LG
455,Samsung Smartphone 50,2,3843632.42,24,Samsung
456,Canon Printer 19,9,8927958.1,19,Canon
457,Bose Laptop 92,1,16953097.68,13,Bose
458,Dell Speaker 44,8,8265835.82,54,Dell
459,Asus Printer 96,9,12195905.4,60,Asus
460,Samsung Television 78,4,6512713.11,22,Samsung
461,LG Tablet 69,3,7703042.86,38,LG
462,HP Television 75,4,3483889.95,74,HP
463,LG Headphones 12,5,17024903.64,49,LG
464,Apple Printer 72,9,6197303.42,17,Apple
465,Apple Speaker 18,8,14557574.4,50,Apple
466,Apple Television 20,4,11530189.22,36,Apple
467,Lenovo Tablet 29,3,16687029.09,92,Lenovo
468,Samsung Smartphone 32,2,5759301.98,55,Samsung
469,Apple Camera 84,6,1252123.64,63,Apple
470,Apple Camera 52,6,19698505.11,39,Apple
471,Canon Tablet 78,3,14031233.3,8,Canon
472,LG Monitor 15,10,1843014.38,34,LG
473,Asus Monitor 58,10,12635389.69,56,Asus
474,Canon Monitor 7,10,2047529.1,16,Canon
475,LG Smartphone 10,2,8418343.82,12,LG
476,Sony Printer 1,9,7732130.58,2,Sony
477,Apple Smartwatch 19,7,9571051.02,47,Apple
478,Canon Smartphone 68,2,6082445.93,42,Canon
479,Sony Headphones 29,5,7134005.73,7,Sony
480,Apple Tablet 97,3,15158979.87,95,Apple
481,Apple Television 88,4,18056941.77,57,Apple
482,LG Smartphone 45,2,2532133.51,88,LG
483,Bose Television 14,4,15547629.84,55,Bose
484,Apple Television 27,4,9705098.11,18,Apple
485,Bose Headphones 85,5,11034380.02,50,Bose
486,Samsung Laptop 29,1,4381525.41,34,Samsung
487,Asus Laptop 45,1,18757101.81,5,Asus
488,Asus Camera 9,6,6150701.94,2,Asus
489,Canon Tablet 35,3,13814008.91,26,Canon
490,Asus Tablet 9,3,5751071.18,57,Asus
491,Apple Television 92,4,11329348.29,94,Apple
492,Sony Laptop 67,1,13752501.21,76,Sony
493,Sony Headphones 58,5,13774302.99,13,Sony
494,Samsung Printer 60,9,2265561.09,64,Samsung
495,Asus Monitor 46,10,12449050.97,30,Asus
496,LG Smartphone 82,2,14899265.8,37,LG
497,Asus Smartwatch 93,7,9141621.09,50,Asus
498,Bose Laptop 7,1,19375235.63,15,Bose
499,LG Headphones 50,5,11432815.75,70,LG
500,Lenovo Printer 71,9,6510465.16,73,Lenovo
501,Dell Monitor 31,10,15284341.63,44,Dell
502,Dell Printer 77,9,5174177.38,37,Dell
503,Asus Speaker 19,8,8350635.16,14,Asus
504,Asus Headphones 65,5,7325143.21,44,Asus
505,Samsung Smartwatch 71,7,17911561.37,13,Samsung
506,Apple Camera 52,6,11784490.38,65,Apple
507,LG Monitor 93,10,6925077.79,94,LG
508,Apple Laptop 87,1,7967123.79,79,Apple
509,Apple Printer 20,9,1018705.19,31,Apple
510,Apple Speaker 10,8,7010642.35,76,Apple
511,Canon Smartwatch 91,7,14174004.31,52,Canon
512,LG Speaker 77,8,10661599.59,42,LG
513,Lenovo Printer 87,9,8910414.32,66,Lenovo
514,Bose Smartwatch 59,7,8402219.97,70,Bose
515,Sony Speaker 82,8,12696163.06,42,Sony
516,Asus Camera 26,6,10344945.45,41,Asus
517,Lenovo Printer 72,9,9943813.78,3,Lenovo
518,Canon Printer 80,9,2986013.27,69,Canon
519,HP Monitor 99,10,7291805.83,10,HP
520,Apple Printer 36,9,10487362.13,31,Apple
521,Apple Tablet 93,3,17283439.7,49,Apple
522,Samsung Printer 51,9,11416566.2,71,Samsung
523,Samsung Smartwatch 89,7,2413027.54,3,Samsung
524,Bose Smartphone 20,2,6108616.8,97,Bose
525,Apple Laptop 45,1,2677224.06,14,Apple
526,Apple Tablet 17,3,3374901.85,78,Apple
527,Lenovo Speaker 9,8,6628575.87,13,Lenovo
528,HP Television 99,4,15314106.1,63,HP
529,Bose Smartphone 79,2,17638647.81,95,Bose
530,Lenovo Printer 33,9,14476234.32,49,Lenovo
531,LG Headphones 45,5,7513479.4,61,LG
532,Asus Headphones 81,5,1946150.36,88,Asus
533,Asus Printer 10,9,3901424.97,87,Asus
534,Samsung Speaker 1,8,2195652.75,9,Samsung
535,Bose Television 13,4,17673662.68,81,Bose
536,Samsung Tablet 4,3,18717345.87,7,Samsung
537,Dell Tablet 91,3,13810150.05,14,Dell
538,LG Camera 43,6,8655277.42,41,LG
539,Sony Monitor 19,10,15946662.07,6,Sony
540,Samsung Printer 1,9,19176601.59,16,Samsung
541,LG Monitor 78,10,1102469.36,18,LG
542,Apple Monitor 73,10,14894502.56,52,Apple
543,Samsung Television 81,4,2715403.29,40,Samsung
544,Samsung Speaker 74,8,3307163.4,26,Samsung
545,Dell Speaker 12,8,15023326.92,40,Dell
546,LG Television 78,4,4775513.57,52,LG
547,Apple Television 52,4,3535783.22,2,Apple
548,Asus Tablet 21,3,15993836.82,82,Asus
549,Bose Television 80,4,5713365.26,64,Bose
550,LG Camera 62,6,4699471.02,83,LG
551,HP Laptop 8,1,13836754.95,96,HP
552,LG Headphones 7,5,8576658.86,15,LG
553,Sony Headphones 14,5,15171079.55,96,Sony
554,LG Television 18,4,15584437.62,93,LG
555,Sony Smartwatch 83,7,9848242.71,63,Sony
556,Asus Printer 90,9,12323689.13,59,Asus
557,Apple Tablet 66,3,10326593.47,24,Apple
558,Apple Printer 45,9,6531477.75,30,Apple
559,LG Smartwatch 56,7,16449151.17,22,LG
560,HP Laptop 89,1,19342637.2,10,HP
561,Canon Television 94,4,9023550.83,26,Canon
562,Bose Camera 50,6,16035790.72,4,Bose
563,HP Tablet 82,3,5398178.98,42,HP
564,Sony Printer 35,9,17992961.16,33,Sony
565,LG Tablet 100,3,1343441.34,6,LG
566,Sony Tablet 82,3,10930882.38,64,Sony
567,Canon Smartwatch 98,7,19863110.67,4,Canon
568,Asus Laptop 18,1,8717555.11,33,Asus
569,HP Speaker 79,8,9302586.42,44,HP
570,Canon Laptop 36,1,16574514.47,69,Canon
571,Canon Monitor 63,10,14425556.38,51,Canon
572,Samsung Printer 65,9,8254615.78,74,Samsung
573,Apple Television 45,4,15308136.6,9,Apple
574,HP Headphones 94,5,11706083.2,73,HP
575,Apple Headphones 91,5,1984718.72,62,Apple
576,Lenovo Monitor 53,10,4077248.27,2,Lenovo
577,Sony Headphones 37,5,16251944.51,34,Sony
578,Bose Tablet 46,3,13341999.44,42,Bose
579,Sony Camera 96,6,18073218.49,43,Sony
580,Apple Tablet 33,3,12612621.61,75,Apple
581,Lenovo Smartphone 40,2,3923752.46,38,Lenovo
582,HP Tablet 33,3,5353469.43,3,HP
583,Sony Laptop 57,1,19071588.72,71,Sony
584,Apple Printer 57,9,5293361.12,12,Apple
585,Canon Tablet 25,3,13119000.07,74,Canon
586,Apple Monitor 49,10,19149668.09,14,Apple
587,Bose Laptop 32,1,17260069.11,27,Bose
588,Samsung Smartphone 15,2,2240274.65,42,Samsung
589,Lenovo Camera 17,6,7556824.92,15,Lenovo
590,Samsung Tablet 55,3,19039851.2,44,Samsung
591,Dell Laptop 19,1,5572272.21,21,Dell
592,Bose Television 93,4,11657681.4,38,Bose
593,Dell Smartwatch 11,7,1220420.86,3,Dell
594,Lenovo Smartwatch 22,7,7756223.18,76,Lenovo
595,HP Speaker 56,8,9989040.24,79,HP
596,Bose Printer 14,9,7561485.58,91,Bose
597,Bose Camera 1,6,2676103.54,55,Bose
598,HP Television 46,4,19232038.2,76,HP
599,LG Printer 35,9,10063144.18,43,LG
600,LG Smartphone 1,2,1904268.62,77,LG
601,Samsung Smartwatch 73,7,17628477.08,80,Samsung
602,Lenovo Laptop 90,1,13907611.52,19,Lenovo
603,Bose Television 56,4,17138018.23,4,Bose
604,Lenovo Camera 51,6,2506123.08,79,Lenovo
605,Apple Speaker 21,8,6678310.78,30,Apple
606,Lenovo Smartwatch 38,7,8701479.2,58,Lenovo
607,Dell Tablet 17,3,7899304.56,77,Dell
608,Bose Printer 50,9,10018710.99,19,Bose
609,Canon Tablet 15,3,5430110.19,97,Canon
610,Bose Speaker 40,8,12393891.36,74,Bose
611,Sony Laptop 49,1,5476592.15,16,Sony
612,HP Camera 31,6,19537913.95,54,HP
613,Samsung Smartphone 15,2,15690396.69,68,Samsung
614,Samsung Camera 52,6,1908105.83,47,Samsung
615,HP Monitor 32,10,2993918.55,66,HP
616,Sony Speaker 13,8,7393808.0,96,Sony
617,Canon Laptop 62,1,11541257.91,85,Canon
618,Asus Headphones 73,5,9057232.31,9,Asus
619,Sony Tablet 49,3,10927444.28,66,Sony
620,Dell Camera 78,6,12335945.22,78,Dell
621,HP Speaker 56,8,6040283.27,64,HP
622,Asus Printer 25,9,4290273.88,100,Asus
623,Sony Smartwatch 33,7,11750793.12,89,Sony
624,Bose Tablet 82,3,13207436.29,56,Bose
625,HP Smartphone 62,2,6220222.78,18,HP
626,HP Printer 78,9,7273142.62,7,HP
627,Dell Camera 71,6,14166439.71,76,Dell
628,LG Headphones 78,5,6265227.27,96,LG
629,Sony Headphones 28,5,12467379.3,96,Sony
630,Sony Smartwatch 79,7,10895858.42,97,Sony
631,Bose Monitor 43,10,12922614.0,8,Bose
632,LG Headphones 75,5,14785972.75,29,LG
633,Samsung Smartwatch 61,7,11610736.86,56,Samsung
634,Sony Laptop 88,1,17578964.61,93,Sony
635,Lenovo Camera 63,6,1917759.94,8,Lenovo
636,Lenovo Laptop 98,1,5178730.41,33,Lenovo
637,Asus Monitor 34,10,3783633.65,14,Asus
638,Lenovo Tablet 80,3,9553863.41,31,Lenovo
639,Canon Laptop 29,1,6671553.23,21,Canon
640,Dell Camera 88,6,8357845.62,78,Dell
641,HP Laptop 90,1,1493711.31,29,HP
642,Sony Speaker 55,8,14861894.21,13,Sony
643,Asus Tablet 87,3,8274545.74,33,Asus
644,Samsung Tablet 2,3,2847560.41,9,Samsung
645,Sony Smartwatch 14,7,11534274.83,22,Sony
646,Canon Television 83,4,14439793.14,84,Canon
647,Asus Smartphone 83,2,17392871.65,0,Asus
648,Samsung Headphones 35,5,16529842.26,78,Samsung
649,Canon Monitor 97,10,17156302.97,87,Canon
650,Samsung Laptop 74,1,1652142.59,100,Samsung
651,Bose Headphones 19,5,5848457.24,93,Bose
652,LG Tablet 1,3,18019646.77,37,LG
653,Canon Smartwatch 27,7,3616470.26,52,Canon
654,HP Headphones 21,5,1630737.4,50,HP
655,LG Television 81,4,13999116.0,100,LG
656,Apple Speaker 50,8,3997362.61,92,Apple
657,Lenovo Monitor 16,10,17293702.36,14,Lenovo
658,Dell Camera 71,6,7574749.58,19,Dell
659,Asus Headphones 60,5,7596619.6,3,Asus
660,Apple Headphones 76,5,16486155.84,17,Apple
661,Lenovo Laptop 80,1,12239999.57,83,Lenovo
662,HP Camera 55,6,13408067.8,62,HP
663,Apple Headphones 11,5,7412417.19,77,Apple
664,Sony Smartphone 67,2,16158161.37,35,Sony
665,Dell Speaker 8,8,18550973.95,92,Dell
666,Dell Smartphone 65,2,4523556.41,43,Dell
667,Bose Laptop 95,1,11150877.71,55,Bose
668,LG Printer 8,9,14550704.92,66,LG
669,Bose Headphones 84,5,15328898.16,34,Bose
670,Asus Camera 54,6,5073103.38,53,Asus
671,Lenovo Smartwatch 11,7,18427742.71,1,Lenovo
672,Bose Speaker 61,8,17594851.94,33,Bose
673,HP Speaker 64,8,17452384.81,65,HP
674,Bose Tablet 18,3,4035555.24,99,Bose
675,LG Printer 15,9,11790637.08,40,LG
676,Canon Smartphone 39,2,15092208.18,29,Canon
677,Lenovo Monitor 12,10,15436480.93,81,Lenovo
678,Canon Monitor 22,10,5614725.19,55,Canon
679,Dell Television 79,4,10095811.04,2,Dell
680,Lenovo Tablet 84,3,15366520.31,24,Lenovo
681,Dell Television 7,4,9964606.79,19,Dell
682,LG Television 1,4,18098151.58,14,LG
683,Asus Tablet 74,3,8836507.76,11,Asus
684,Dell Headphones 25,5,16852331.33,72,Dell
685,Asus Laptop 1,1,3243691.62,89,Asus
686,Bose Television 31,4,3134787.59,93,Bose
687,Lenovo Speaker 6,8,9456553.65,25,Lenovo
688,Canon Monitor 1,10,2503001.26,70,Canon
689,Bose Smartphone 10,2,13014360.4,59,Bose
690,Apple Smartphone 54,2,11085829.45,43,Apple
691,Lenovo Television 29,4,7068846.96,55,Lenovo
692,Dell Laptop 66,1,2784979.78,38,Dell
693,Samsung Printer 66,9,3811514.59,2,Samsung
694,Dell Laptop 69,1,8517279.48,53,Dell
695,Sony Printer 23,9,7056776.26,63,Sony
696,Canon Tablet 89,3,10455730.59,14,Canon
697,HP Tablet 16,3,13658384.57,55,HP
698,Lenovo Monitor 4,10,16720391.37,8,Lenovo
699,Asus Speaker 21,8,13291561.56,48,Asus
700,HP Smartphone 91,2,1650442.62,64,HP
701,Canon Speaker 78,8,6722851.52,82,Canon
702,LG Smartwatch 78,7,19509327.73,46,LG
703,Apple Tablet 81,3,19248510.43,79,Apple
704,HP Camera 42,6,4436405.47,82,HP
705,Apple Printer 78,9,3793939.89,90,Apple
706,HP Smartphone 93,2,12930623.37,55,HP
707,Dell Smartphone 10,2,7611641.94,96,Dell
708,HP Printer 27,9,13482982.6,63,HP
709,Dell Monitor 58,10,6184459.64,31,Dell
710,HP Speaker 75,8,1923711.6,69,HP
711,Sony Monitor 66,10,14056739.55,39,Sony
712,Canon Monitor 95,10,5949839.5,94,Canon
713,Samsung Headphones 65,5,2768878.9,82,Samsung
714,Dell Television 83,4,6886086.68,22,Dell
715,Dell Laptop 40,1,11845532.74,37,Dell
716,Asus Laptop 52,1,12231213.88,88,Asus
717,HP Smartwatch 4,7,8646891.35,74,HP
718,HP Laptop 55,1,18489536.34,64,HP
719,Samsung Headphones 15,5,17599709.79,30,Samsung
720,Asus Printer 80,9,7811543.08,59,Asus
721,Samsung Laptop 73,1,5505688.76,87,Samsung
722,Bose Camera 90,6,3486215.63,90,Bose
723,HP Smartphone 8,2,3667089.35,0,HP
724,Canon Monitor 87,10,17943354.06,64,Canon
725,Apple Monitor 30,10,12002024.49,70,Apple
726,Samsung Laptop 46,1,12694903.54,87,Samsung
727,Bose Television 98,4,8743884.65,56,Bose
728,Lenovo Smartwatch 95,7,5562675.91,33,Lenovo
729,Asus Tablet 74,3,19658743.63,33,Asus
730,Sony Laptop 88,1,4845957.16,10,Sony
731,Canon Smartphone 11,2,18539551.38,97,Canon
732,Canon Smartwatch 51,7,6283377.23,21,Canon
733,Asus Smartwatch 5,7,10260142.56,60,Asus
734,Bose Camera 70,6,9435190.78,95,Bose
735,Sony Tablet 20,3,5631939.68,42,Sony
736,Sony Monitor 39,10,3616572.59,76,Sony
737,Dell Headphones 72,5,7283899.14,1,Dell
738,Sony Printer 49,9,7595612.96,8,Sony
739,HP Speaker 48,8,4670551.52,9,HP
740,HP Printer 53,9,4871969.0,57,HP
741,Sony Tablet 80,3,13870757.3,74,Sony
742,Dell Tablet 58,3,4999243.22,40,Dell
743,Apple Headphones 49,5,13105929.75,76,Apple
744,Sony Camera 91,6,6442876.99,32,Sony
745,Dell Headphones 80,5,19148793.92,70,Dell
746,Asus Television 46,4,8844935.58,95,Asus
747,Bose Laptop 24,1,13321189.45,90,Bose
748,Canon Monitor 3,10,17945295.72,31,Canon
749,Dell Laptop 10,1,15566335.36,6,Dell
750,Apple Smartphone 43,2,17711283.25,6,Apple
751,Asus Smartphone 94,2,3821071.94,66,Asus
752,Apple Camera 31,6,10889206.38,69,Apple
753,LG Smartphone 33,2,14200311.12,66,LG
754,HP Smartphone 27,2,7576241.9,95,HP
755,HP Headphones 15,5,19006481.96,29,HP
756,Sony Speaker 71,8,7162628.26,17,Sony
757,Canon Headphones 18,5,8839020.75,30,Canon
758,Sony Smartphone 27,2,19641557.91,4,Sony
759,Asus Smartphone 72,2,12204682.62,40,Asus
760,Canon Laptop 89,1,12799073.83,59,Canon
761,Dell Speaker 34,8,12155560.69,65,Dell
762,Sony Monitor 73,10,3007445.07,78,Sony
763,Lenovo Monitor 11,10,10640042.49,55,Lenovo
764,Samsung Tablet 53,3,14615116.46,15,Samsung
765,Samsung Television 37,4,4979191.64,93,Samsung
766,Lenovo Television 98,4,7085010.41,31,Lenovo
767,HP Laptop 44,1,17480439.4,85,HP
768,Bose Printer 95,9,16963472.4,43,Bose
769,Apple Speaker 12,8,3795034.97,65,Apple
770,Samsung Smartphone 12,2,14304350.44,62,Samsung
771,Lenovo Headphones 10,5,4186912.83,50,Lenovo
772,Canon Smartphone 16,2,19851690.93,99,Canon
773,Canon Monitor 77,10,3393828.57,31,Canon
774,Apple Printer 58,9,17977192.69,2,Apple
775,Asus Smartwatch 43,7,19144381.08,97,Asus
776,Samsung Headphones 2,5,8128583.84,40,Samsung
777,LG Printer 4,9,8343155.79,7,LG
778,Canon Printer 80,9,16233242.84,95,Canon
779,Samsung Headphones 38,5,3378005.12,58,Samsung
780,Asus Smartwatch 43,7,4221260.77,12,Asus
781,Asus Headphones 79,5,17099784.07,25,Asus
782,Canon Tablet 81,3,9361356.22,36,Canon
783,Asus Laptop 37,1,5529008.57,56,Asus
784,Sony Monitor 66,10,12074450.79,42,Sony
785,Asus Monitor 34,10,11304592.46,21,Asus
786,LG Headphones 83,5,7060433.0,100,LG
787,LG Camera 55,6,11753558.0,31,LG
788,Lenovo Smartphone 14,2,6418527.77,76,Lenovo
789,LG Headphones 95,5,11962401.31,60,LG
790,LG Smartphone 54,2,17199622.83,45,LG
791,Sony Speaker 44,8,18412609.25,55,Sony
792,Bose Laptop 99,1,2105174.82,78,Bose
793,Sony Printer 22,9,11845243.92,87,Sony
794,Canon Printer 47,9,5519397.44,72,Canon
795,Canon Television 86,4,17296369.21,28,Canon
796,Samsung Speaker 57,8,1957584.33,92,Samsung
797,Canon Monitor 12,10,4345348.04,41,Canon
798,LG Television 5,4,14465220.14,6,LG
799,Bose Speaker 13,8,3667978.82,86,Bose
800,Asus Smartwatch 28,7,18337800.48,91,Asus
801,Sony Headphones 46,5,13216245.3,39,Sony
802,Bose Tablet 99,3,4847375.16,19,Bose
803,LG Tablet 44,3,10662113.25,60,LG
804,HP Headphones 44,5,6345545.3,42,HP
805,Lenovo Headphones 10,5,4360123.63,30,Lenovo
806,Apple Television 52,4,18223508.14,14,Apple
807,Samsung Camera 24,6,11997059.08,96,Samsung
808,Canon Speaker 50,8,15783828.15,38,Canon
809,Bose Television 92,4,14312422.68,59,Bose
810,HP Smartphone 54,2,8531837.72,49,HP
811,Samsung Monitor 61,10,13205030.33,21,Samsung
812,Canon Tablet 1,3,8235722.82,51,Canon
813,HP Printer 65,9,15185126.75,13,HP
814,Asus Headphones 9,5,10828364.71,11,Asus
815,Lenovo Headphones 81,5,8433059.39,32,Lenovo
816,Dell Laptop 54,1,7711738.74,31,Dell
817,LG Laptop 87,1,9308502.76,42,LG
818,Samsung Camera 72,6,17520937.02,56,Samsung
819,Canon Headphones 19,5,16491195.78,66,Canon
820,Apple Headphones 1,5,6790360.37,94,Apple
821,Canon Headphones 38,5,2787270.04,65,Canon
822,Sony Printer 49,9,15878627.15,36,Sony
823,Canon Tablet 44,3,19430599.91,16,Canon
824,LG Headphones 17,5,19409239.07,4,LG
825,Asus Laptop 23,1,13153832.96,100,Asus
826,HP Television 33,4,3113440.68,71,HP
827,Asus Headphones 70,5,6769826.38,5,Asus
828,Sony Monitor 51,10,15261073.86,39,Sony
829,LG Camera 88,6,15919832.08,87,LG
830,Apple Smartwatch 36,7,2904001.66,71,Apple
831,Bose Printer 45,9,17889867.07,87,Bose
832,Asus Monitor 96,10,6981922.46,46,Asus
833,Canon Tablet 68,3,6370825.7,59,Canon
834,Bose Printer 64,9,10602518.43,36,Bose
835,Samsung Smartphone 24,2,19590584.51,90,Samsung
836,Lenovo Camera 6,6,14986763.88,51,Lenovo
837,Sony Smartwatch 29,7,5088625.1,98,Sony
838,Lenovo Laptop 77,1,9620676.9,89,Lenovo
839,Canon Television 92,4,12018501.95,57,Canon
840,Lenovo Printer 17,9,13615173.25,82,Lenovo
841,Asus Television 32,4,8152865.15,38,Asus
842,LG Headphones 59,5,13627417.17,29,LG
843,LG Headphones 19,5,5512355.73,21,LG
844,Bose Headphones 31,5,10661726.41,16,Bose
845,Sony Printer 33,9,18050431.95,46,Sony
846,Canon Smartphone 16,2,14957066.42,76,Canon
847,Apple Television 17,4,11179391.56,75,Apple
848,Apple Camera 66,6,18327418.58,78,Apple
849,LG Tablet 11,3,13897127.27,41,LG
850,Asus Headphones 54,5,5271969.29,24,Asus
851,Canon Smartphone 27,2,11498017.66,76,Canon
852,Lenovo Headphones 5,5,17171911.13,51,Lenovo
853,Sony Speaker 59,8,14699559.09,43,Sony
854,LG Tablet 15,3,15722236.49,37,LG
855,HP Laptop 81,1,18186927.67,75,HP
856,Samsung Smartwatch 80,7,15532870.9,68,Samsung
857,Apple Headphones 59,5,5011142.63,62,Apple
858,HP Tablet 10,3,16372416.16,14,HP
859,Dell Headphones 73,5,10971538.14,95,Dell
860,Canon Monitor 71,10,6512327.51,88,Canon
861,Asus Speaker 86,8,11718129.89,57,Asus
862,Canon Tablet 56,3,14458403.92,84,Canon
863,Sony Smartwatch 55,7,17462741.31,47,Sony
864,Bose Speaker 86,8,13026167.94,59,Bose
865,LG Television 81,4,15271643.36,7,LG
866,HP Speaker 4,8,2207585.59,25,HP
867,Dell Speaker 49,8,6441208.51,43,Dell
868,Dell Smartwatch 16,7,11864359.29,93,Dell
869,Asus Smartwatch 15,7,5607916.35,26,Asus
870,Samsung Tablet 31,3,14708172.41,52,Samsung
871,LG Camera 30,6,11078738.48,47,LG
872,Lenovo Camera 13,6,8731377.06,60,Lenovo
873,Lenovo Printer 21,9,10450435.02,84,Lenovo
874,HP Printer 35,9,5430400.1,1,HP
875,Bose Smartphone 88,2,3422153.18,53,Bose
876,Lenovo Camera 98,6,10257226.17,0,Lenovo
877,Canon Television 61,4,7229865.36,57,Canon
878,Samsung Television 6,4,6501620.94,44,Samsung
879,Dell Monitor 20,10,2466476.97,41,Dell
880,LG Television 8,4,8834661.85,92,LG
881,Samsung Headphones 94,5,14476008.38,79,Samsung
882,Sony Camera 20,6,3691989.03,57,Sony
883,Asus Tablet 57,3,12863627.83,73,Asus
884,Lenovo Speaker 22,8,3486391.44,23,Lenovo
885,Lenovo Printer 100,9,14595141.43,72,Lenovo
886,LG Laptop 76,1,1773014.01,48,LG
887,LG Headphones 65,5,14106950.15,94,LG
888,Canon Speaker 40,8,15131036.4,99,Canon
889,Lenovo Monitor 75,10,11975184.97,49,Lenovo
890,Samsung Tablet 46,3,1285099.54,13,Samsung
891,Dell Printer 55,9,11054130.36,1,Dell
892,LG Television 75,4,2362002.09,66,LG
893,Bose Speaker 43,8,3508402.34,52,Bose
894,Bose Smartwatch 45,7,1992059.42,16,Bose
895,Lenovo Smartphone 51,2,2996875.17,84,Lenovo
896,LG Tablet 68,3,4252219.88,35,LG
897,Samsung Headphones 6,5,2254680.86,99,Samsung
898,Apple Speaker 60,8,18451972.32,72,Apple
899,Dell Smartphone 64,2,16130411.57,55,Dell
900,LG Tablet 93,3,3736692.2,68,LG
901,HP Laptop 68,1,14739738.25,86,HP
902,Lenovo Camera 99,6,4758680.93,68,Lenovo
903,HP Camera 81,6,8576939.03,80,HP
904,Bose Monitor 74,10,18576578.88,67,Bose
905,Asus Headphones 14,5,13205513.21,63,Asus
906,Apple Tablet 48,3,4910681.4,26,Apple
907,Bose Smartwatch 56,7,5044780.22,80,Bose
908,Samsung Headphones 1,5,14942929.21,23,Samsung
909,Apple Camera 92,6,15763399.79,5,Apple
910,Samsung Smartphone 84,2,6085644.47,7,Samsung
911,Apple Television 8,4,17891595.34,91,Apple
912,Bose Television 44,4,4775887.45,71,Bose
913,Apple Tablet 61,3,18468876.95,36,Apple
914,Lenovo Speaker 86,8,10157811.34,55,Lenovo
915,HP Printer 77,9,19270632.94,46,HP
916,Asus Printer 20,9,2503862.49,46,Asus
917,Sony Smartwatch 97,7,19743302.75,67,Sony
918,LG Television 22,4,3781928.3,13,LG
919,Apple Tablet 75,3,2771464.99,80,Apple
920,Dell Laptop 59,1,16912245.87,26,Dell
921,Bose Camera 18,6,17627691.0,1,Bose
922,Apple Tablet 13,3,3732324.68,74,Apple
923,Asus Tablet 53,3,11600913.39,74,Asus
924,HP Monitor 87,10,3262765.84,72,HP
925,HP Monitor 42,10,7461914.43,45,HP
926,Canon Smartphone 8,2,12797320.8,50,Canon
927,Dell Speaker 44,8,9517612.21,21,Dell
928,Apple Laptop 50,1,16373824.22,32,Apple
929,Lenovo Television 41,4,11457590.77,32,Lenovo
930,Asus Speaker 99,8,18193661.87,6,Asus
931,LG Laptop 49,1,17161767.14,50,LG
932,Samsung Camera 99,6,4371135.36,10,Samsung
933,Dell Camera 6,6,5854024.73,19,Dell
934,Canon Monitor 97,10,12873584.96,23,Canon
935,Dell Smartwatch 50,7,14501438.3,8,Dell
936,Apple Monitor 43,10,11168294.85,95,Apple
937,Asus Smartwatch 59,7,1044780.65,25,Asus
938,Bose Television 69,4,17031843.35,20,Bose
939,Apple Smartwatch 62,7,13052066.35,100,Apple
940,Asus Printer 79,9,2510191.62,57,Asus
941,Samsung Tablet 37,3,3256399.74,21,Samsung
942,Lenovo Speaker 36,8,10172070.32,31,Lenovo
943,Sony Television 100,4,9840652.1,8,Sony
944,Canon Speaker 79,8,9866038.87,72,Canon
945,Lenovo Smartwatch 95,7,11455675.65,95,Lenovo
946,Lenovo Camera 62,6,15968356.24,45,Lenovo
947,Sony Headphones 96,5,11355813.02,68,Sony
948,HP Smartphone 69,2,18724293.35,100,HP
949,Bose Smartwatch 29,7,17503344.34,37,Bose
950,Bose Monitor 5,10,14488808.15,19,Bose
951,Canon Camera 41,6,18586931.5,34,Canon
952,HP Headphones 82,5,18501656.43,22,HP
953,Lenovo Laptop 80,1,17776426.21,70,Lenovo
954,Apple Television 68,4,8892320.75,44,Apple
955,HP Speaker 63,8,13970677.65,26,HP
956,HP Headphones 65,5,2120844.74,55,HP
957,HP Headphones 87,5,2505366.84,17,HP
958,HP Laptop 29,1,1250949.89,68,HP
959,Canon Printer 42,9,9776872.01,50,Canon
960,Apple Speaker 19,8,7979155.82,10,Apple
961,Canon Camera 18,6,8291252.86,79,Canon
962,Samsung Tablet 42,3,3648771.7,69,Samsung
963,Bose Laptop 49,1,4338433.27,40,Bose
964,HP Speaker 76,8,3162567.67,36,HP
965,HP Headphones 25,5,9967188.08,67,HP
966,Sony Tablet 38,3,17842814.85,14,Sony
967,Bose Smartphone 77,2,5141952.05,99,Bose
968,HP Camera 37,6,5926755.26,6,HP
969,LG Printer 60,9,16164426.75,88,LG
970,Asus Printer 54,9,10624749.82,83,Asus
971,Dell Tablet 65,3,6314909.44,52,Dell
972,Dell Laptop 2,1,17485547.86,2,Dell
973,Asus Smartwatch 56,7,12066846.93,92,Asus
974,Sony Camera 72,6,8862811.32,20,Sony
975,HP Laptop 52,1,12574209.59,54,HP
976,Lenovo Headphones 87,5,8963119.69,44,Lenovo
977,Bose Printer 52,9,11599925.0,62,Bose
978,Samsung Camera 23,6,5985584.48,41,Samsung
979,Lenovo Printer 29,9,9806129.56,68,Lenovo
980,Lenovo Speaker 71,8,17041430.59,11,Lenovo
981,Asus Headphones 36,5,16541963.88,79,Asus
982,Dell Smartphone 91,2,18879344.85,74,Dell
983,Lenovo Smartphone 44,2,6264647.01,57,Lenovo
984,HP Camera 31,6,5185614.67,65,HP
985,LG Headphones 12,5,4732289.69,56,LG
986,LG Monitor 99,10,6910116.56,51,LG
987,Dell Speaker 65,8,10204229.89,79,Dell
988,Canon Speaker 33,8,3971216.93,86,Canon
989,Samsung Camera 4,6,12976732.66,27,Samsung
990,Apple Laptop 34,1,2786484.35,89,Apple
991,Lenovo Television 73,4,12163130.52,59,Lenovo
992,Canon Television 31,4,6380741.88,72,Canon
993,LG Television 81,4,10852474.66,66,LG
994,Sony Smartwatch 30,7,13345959.04,72,Sony
995,Lenovo Television 71,4,6443507.78,85,Lenovo
996,Apple Monitor 8,10,6618314.86,65,Apple
997,Canon Monitor 86,10,8396957.68,23,Canon
998,HP Tablet 79,3,4520202.33,52,HP
999,Asus Smartwatch 32,7,9941173.13,7,Asus
1000,Dell Speaker 66,8,8543082.9,100,Dell
